date,time,headline,datetime
2025-05-12,04:58PM,Is Apple Inc. (AAPL) the Best Stock to Buy According to Jim Simons' Renaissance Technologies?,2025-05-12 16:58:00
2025-05-12,03:45PM,16 Words From Warren Buffett That Should Have Apple Stock Investors Excited,2025-05-12 15:45:00
2025-05-12,02:41PM,Apple has won a patent describing possible future Macs & Magic Mouse/Keyboards that use projectors & light sensors to recognize Gestures+,2025-05-12 14:41:00
2025-05-12,10:15AM,Here's Why I'm Not Too Worried for Alphabet Despite Apple's Potential New AI-Powered Safari Search,2025-05-12 10:15:00
2025-05-12,09:00AM,"The tech that defined the modern internet is changing, and Silicon Valley is finally admitting it",2025-05-12 09:00:00
2025-05-12,09:00AM,"Google Search, Facebook and the iPhone may not last forever. And Silicon Valley is finally admitting it",2025-05-12 09:00:00
2025-05-12,05:00AM,"Walmart, Cisco, Alibaba, Petrobras: Stocks to watch this week",2025-05-12 05:00:00
May-10-25,03:43PM,Two Prominent Investors Are Bearish on Alphabet Inc. (GOOG) Stock,2025-05-10 15:43:00
May-10-25,03:00PM,Wall Street Plays Long Game as Deals Go Private,2025-05-10 15:00:00
May-10-25,12:03PM,"Apple Wants Its $20 Billion, and Is Willing to Throw Google Under the Bus to Keep It",2025-05-10 12:03:00
May-10-25,11:01AM,Is Apple Inc. (AAPL) the Worst Blue Chip Stock to Buy?,2025-05-10 11:01:00
May-10-25,10:02AM,Where Will Apple Stock Be in 1 Year?,2025-05-10 10:02:00
May-10-25,07:00AM,MarketBeat Week in Review - 05/05 - 05/09,2025-05-10 07:00:00
May-10-25,05:30AM,Warren Buffett once said what the best business can do for an 'extended period'  here are his examples,2025-05-10 05:30:00
May-10-25,05:30AM,The Giants of Silicon Valley Are Having a Midlife Crisis Over AI,2025-05-10 05:30:00
May-10-25,05:25AM,Apple (AAPL) Scrambles to Regain Chinese Market Share as Trade War Intensifies,2025-05-10 05:25:00
May-10-25,05:08AM,"Apple Warns Of 'Hundreds Of Millions To Billions' Dollar Losses Over Epic Games Ruling, Seeks Stay Amid App Store Shakeup",2025-05-10 05:08:00
May-09-25,05:27PM,Apple Inc. (AAPL): Among Billionaire Bruce Berkowitz's Stock Picks with Highest Upside Potential,2025-05-09 17:27:00
May-09-25,04:23PM,Alphabet Shares Take $138 Billion Blow as Search Warnings Blare,2025-05-09 16:23:00
May-09-25,03:13PM,Apple Building Specialized Chips for Smart Glasses,2025-05-09 15:13:00
May-09-25,03:10PM,Sonos Interim CEO Says Company Has Turned a Corner and He Wants the Top Job,2025-05-09 15:10:00
May-09-25,02:45PM,Analyst After Apple (AAPL) Results: 'People Will Not Go Without an iPhone' - Says Revenue 'Pretty Impressive',2025-05-09 14:45:00
May-09-25,02:06PM,How the Google Antitrust Trial Is Already Changing Online Search,2025-05-09 14:06:00
May-09-25,01:45PM,Are You Missing Out on These 2 Dividend Raises From Tech Sector Powerhouses?,2025-05-09 13:45:00
May-09-25,12:55PM,Google Responds to Apple's AI Threat and Gets a New $260 Price Target,2025-05-09 12:55:00
May-09-25,11:06AM,Apple vs. Trump Tariffs: Is Buffett's Top Tech Stock About to Crack?,2025-05-09 11:06:00
May-09-25,10:47AM,"Magnificent Seven Stocks: Nvidia Slides, Tesla Races Higher",2025-05-09 10:47:00
May-09-25,10:43AM,Bought an Apple device in the past 10 years? You could be owed money. Heres how to claim it.,2025-05-09 10:43:00
May-09-25,10:24AM,"An Apple exec suggested AI chatbots were eroding Googles search business, sending Alphabet shares plummeting. The truth is more complicated.",2025-05-09 10:24:00
May-09-25,09:34AM,Jim Cramer on Apple Inc. (AAPL): 'These Gains Were Totally Gettable',2025-05-09 09:34:00
May-09-25,08:51AM,Google Stock Had a Bad Week. Why Were Sticking With Our Alphabet Pick.,2025-05-09 08:51:00
May-09-25,08:24AM,Googles search dominance might not be in as much danger as Apple would have you to believe,2025-05-09 08:24:00
May-09-25,08:00AM,"What Apple, Amazon, GM And Other Companies Are Saying About Trump Tariffs",2025-05-09 08:00:00
May-09-25,07:30AM,1 Simple Reason That Alphabet Should Be Worth More Than Apple or Microsoft,2025-05-09 07:30:00
May-09-25,07:00AM,Tech Industry Warns US Investment Pledges Hinge on Research Tax Break,2025-05-09 07:00:00
May-09-25,07:00AM,"Is Microsoft the Best ""Magnificent Seven"" Stock to Buy Right Now?",2025-05-09 07:00:00
May-09-25,06:39AM,How a China Trade Deal Would Put Stocks on Course for New Records,2025-05-09 06:39:00
May-09-25,06:20AM,Should Vanguard Mega Cap ETF (MGC) Be on Your Investing Radar?,2025-05-09 06:20:00
May-09-25,06:00AM,Trumps Manufacturing Renaissance Is Even Harder With Tariffs,2025-05-09 06:00:00
May-09-25,05:40AM,Apple plans new chips for smart glasses and AI,2025-05-09 05:40:00
May-09-25,05:15AM,Warren Buffett Grew Berkshire Into a $1 Trillion Company. Can Greg Abel Take It to $2 Trillion?,2025-05-09 05:15:00
May-09-25,05:15AM,Massive News for Alphabet Stock Investors!,2025-05-09 05:15:00
May-09-25,01:38AM,TSMC April Sales Surge After US Tariffs Spur Device Rush Orders,2025-05-09 01:38:00
May-09-25,12:40AM,2 Cash-Producing Stocks to Keep an Eye On and 1 to Avoid,2025-05-09 00:40:00
May-08-25,09:11PM,Why Warren Buffett's Upcoming Move Isn't Cause for Concern,2025-05-08 21:11:00
May-08-25,07:25PM,Apple Inc. (AAPL) - AI Innovation Key to Sustained Market Leadership,2025-05-08 19:25:00
May-08-25,06:05PM,"One of the Largest Teacher Pension Funds in the U.S. Sold Nvidia, Tesla, and Apple and Piled Into a Popular Pharmaceutical Stock Up 395% Over the Last 5 Years",2025-05-08 18:05:00
May-08-25,05:58PM,"From Apple to GM, Tariffs to Cost Companies Tens of Billions",2025-05-08 17:58:00
May-08-25,05:09PM,Apple Developing Watch-Based Chip for Smart Glasses,2025-05-08 17:09:00
May-08-25,05:03PM,Apple Has 20 Billion Reasons to Talk Down Google Search,2025-05-08 17:03:00
May-08-25,04:24PM,The Dow climbed 250 points as Trump announced a U.K. trade deal,2025-05-08 16:24:00
May-08-25,03:28PM,Google Had a Bad Week. Why Were Sticking With Alphabet Stock.,2025-05-08 15:28:00
May-08-25,02:56PM,Apple warns court ruling in App Store case may cost 'substantial sums annually',2025-05-08 14:56:00
May-08-25,01:45PM,"Apple is developing specialized chips for smart glasses and AI servers, Bloomberg News reports",2025-05-08 13:45:00
May-08-25,01:30PM,Google-Parent Alphabet Shares Decline as More People Use AI for Search,2025-05-08 13:30:00
May-08-25,01:08PM,Alphabet Stock Climbs After Google Defends $20B Apple Deal,2025-05-08 13:08:00
May-08-25,01:06PM,"Searches on Safari dipped for the first time in 22 years, Apples Eddy Cue admits, and its because more people are using AI instead of Google",2025-05-08 13:06:00
May-08-25,12:45PM,"Apple Is Developing Specialized Chips for Glasses, New Macs and AI Servers",2025-05-08 12:45:00
May-08-25,12:33PM,Apple Claims Serious and Irreparable Harm in Fight Over App Store Ruling,2025-05-08 12:33:00
May-08-25,12:19PM,Google Refutes Apple Search Drop Claims,2025-05-08 12:19:00
May-08-25,12:01PM,Why Analysts Are Staying Bullish on Google After Search Worries Sparked Sell-Off,2025-05-08 12:01:00
May-08-25,11:36AM,Alphabet slips as Apple considers adding AI Search to browser,2025-05-08 11:36:00
May-08-25,11:23AM,US needs 'unified approach' on AI companies competing with China,2025-05-08 11:23:00
May-08-25,11:05AM,Apple Fights Judge's App Store Overhaul Order,2025-05-08 11:05:00
May-08-25,10:10AM,Tariffs Could Shake Up Semiconductor Supply Chains. Here Are 2 Companies Investors Should Keep Their Eyes On.,2025-05-08 10:10:00
May-08-25,09:56AM,Google Stock Rises. It Rejects Apples Claim AI Is Hurting Search Volumes.,2025-05-08 09:56:00
May-08-25,09:42AM,Trump's FTC antitrust cops just got a loud warning about blocking tech tie-ups,2025-05-08 09:42:00
May-08-25,09:36AM,"Alphabet stock rebounds, Wall Street analysts defend company after Apple's AI search plan triggers 7% sell-off",2025-05-08 09:36:00
May-08-25,09:31AM,"Company News for May 8, 2025",2025-05-08 09:31:00
May-08-25,09:12AM,AppLovin Stock Soars 15%. Strong Earnings Come Amid Allegations From Short Sellers.,2025-05-08 09:12:00
May-08-25,08:41AM,Apple's service chief Eddy Cue: Searches in browser fell for first time in April,2025-05-08 08:41:00
May-08-25,08:40AM,"An Apple executive sparked a Google stock selloff. Dont panic, analyst says",2025-05-08 08:40:00
May-08-25,08:01AM,5 Things to Know Before the Stock Market Opens,2025-05-08 08:01:00
May-08-25,07:50AM,AI and ad tech are safe from Trump's tariffs so far,2025-05-08 07:50:00
May-08-25,07:15AM,President Trump's Tariffs Could Cost Apple Nearly $1 Billion. Is It Time to Sell the Stock?,2025-05-08 07:15:00
May-08-25,06:43AM,Apples Safari to threaten Googles dominance,2025-05-08 06:43:00
May-08-25,06:20AM,Should SPDR S&P 500 ETF (SPY) Be on Your Investing Radar?,2025-05-08 06:20:00
May-08-25,06:20AM,Should iShares Russell Top 200 Growth ETF (IWY) Be on Your Investing Radar?,2025-05-08 06:20:00
May-08-25,06:02AM,Apple tries to delay ruling that bars it from taking a cut on external app payments,2025-05-08 06:02:00
May-08-25,06:00AM,AIs Threat to Google Just Got Real,2025-05-08 06:00:00
May-08-25,05:25AM,Apple Stock: Do the Risks Outweigh the Reward?,2025-05-08 05:25:00
May-08-25,04:30AM,Trump Expected to Unveil US-UK Trade Pact After Tariff Talks,2025-05-08 04:30:00
May-08-25,04:10AM,3 Warren Buffett Stocks You Can Buy on the Dip,2025-05-08 04:10:00
May-08-25,02:00AM,Tariff Uncertainty Clouds Long-Term Outlook For Tech Companies,2025-05-08 02:00:00
May-08-25,12:07AM,"Apple Eyes Move to AI Search, Ending Era Defined by Google",2025-05-08 00:07:00
May-08-25,12:04AM,Hartford Dividend And Growth Fund Q1 2025 Commentary,2025-05-08 00:04:00
May-07-25,10:54PM,Watch These Alphabet Levels as Stock Tumbles on Concerns About Google Search Business,2025-05-07 22:54:00
May-07-25,10:52PM,Hartford Growth Opportunities Fund Q1 2025 Commentary,2025-05-07 22:52:00
May-07-25,09:07PM,Will AI Really Be the Demise of Google Search?,2025-05-07 21:07:00
May-07-25,09:00PM,Apples Existential Crisis: Can It Build a Future Around AI?,2025-05-07 21:00:00
May-07-25,08:49PM,Apple asks US appeals court to pause ruling in Epic Games case,2025-05-07 20:49:00
May-07-25,07:37PM,"Final Trade: AAPL, NKE, XLP",2025-05-07 19:37:00
May-07-25,05:25PM,AppLovin Stock Soars on Strong Earnings,2025-05-07 17:25:00
May-07-25,05:23PM,Hartford Core Equity Fund Q1 2025 Commentary,2025-05-07 17:23:00
May-07-25,05:19PM,"S&P 500 Gains & Losses Today: Stocks Gain in Volatile Session as Markets React to Fed Meeting, Trump Trade Comments",2025-05-07 17:19:00
May-07-25,04:33PM,Was Jim Cramer Right About Apple Inc. (AAPL)?,2025-05-07 16:33:00
May-07-25,04:13PM,"AI Is Hitting Search Traffic, Testimony Suggests. Google Stock Falls.",2025-05-07 16:13:00
May-07-25,04:07PM,Fed defies Trump as it declines to lower rates,2025-05-07 16:07:00
May-07-25,03:50PM,Alphabet Shares Tumble on Report Apple Could Drop Google for AI Search,2025-05-07 15:50:00
May-07-25,03:31PM,"US lawmakers criticise UK backdoor order to Apple, warn of cybercriminal risks",2025-05-07 15:31:00
